Participant,Group,TotalSessions,TotalBonusGames,PercentageBonusDone
11,3,16,10,62.5
12,3,10,4,40
16,3,7,4,57.1428571428571
17,3,18,4,22.2222222222222
18,3,7,1,14.2857142857143
41,3,21,12,57.1428571428571
46,3,22,3,13.6363636363636
47,3,6,4,66.6666666666667
73,3,8,5,62.5
74,3,8,1,12.5
75,3,6,5,83.3333333333333
76,3,8,3,37.5
77,3,8,4,50
78,3,4,1,25
79,3,6,5,83.3333333333333
80,3,8,5,62.5
81,3,7,0,0
82,3,8,3,37.5
83,3,8,4,50
84,3,4,2,50
113,3,1,0,0
