Participant,Group,TotalSessions,TotalBonusGames,PercentageBonusDone
1,1,18,10,55.5555555555556
2,1,5,3,60
6,1,15,5,33.3333333333333
7,1,6,1,16.6666666666667
31,1,3,2,66.6666666666667
36,1,5,2,40
37,1,4,2,50
61,1,7,2,28.5714285714286
62,1,8,1,12.5
63,1,8,1,12.5
64,1,8,3,37.5
65,1,8,3,37.5
66,1,8,4,50
67,1,7,0,0
68,1,8,0,0
69,1,8,2,25
70,1,8,4,50
71,1,8,3,37.5
72,1,7,1,14.2857142857143
105,1,1,0,0
